ibge7;Município;Taxa de mortalidade por câncer de colo de útero;Taxa de mortalidade por câncer de mama;Taxa de mortalidade por câncer de pulmão
3100104;Abadia dos Dourados;0,00;0,00;47,83
3100203;Abaeté;0,00;34,86;30,87
3100302;Abre Campo;0,00;14,49;14,36
3100401;Acaiaca;49,70;0,00;0,00
3100500;Açucena;0,00;22,89;11,18
3100609;Água Boa;0,00;16,09;0,00
3100708;Água Comprida;0,00;0,00;0,00
3100807;Aguanil;0,00;0,00;0,00
3100906;Águas Formosas;0,00;0,00;16,26
3101003;Águas Vermelhas;0,00;0,00;0,00
3101102;Aimorés;0,00;31,20;11,87
3101201;Aiuruoca;0,00;32,53;32,09
3101300;Alagoa;0,00;0,00;0,00
3101409;Albertina;0,00;0,00;0,00
3101508;Além Paraíba;6,17;24,67;13,02
3101607;Alfenas;14,79;14,79;24,06
3101631;Alfredo Vasconcelos;0,00;0,00;14,43
3101706;Almenara;4,89;9,78;12,39
3101805;Alpercata;0,00;0,00;0,00
3101904;Alpinópolis;0,00;21,96;32,79
3102001;Alterosa;0,00;14,44;14,37
3102050;Alto Caparaó;0,00;0,00;34,51
3153509;Alto Jequitibá;0,00;48,74;11,91
3102100;Alto Rio Doce;0,00;37,10;9,18
3102209;Alvarenga;0,00;0,00;25,17
3102308;Alvinópolis;0,00;26,26;19,92
3102407;Alvorada de Minas;0,00;0,00;0,00
3102506;Amparo da Serra;0,00;87,11;44,04
3102605;Andradas;0,00;14,65;19,73
3102803;Andrelândia;0,00;16,63;33,54
3102852;Angelândia;0,00;0,00;12,96
3102902;Antônio Carlos;0,00;0,00;9,01
3103009;Antônio Dias;22,07;22,07;21,69
3103108;Antônio Prado de Minas;0,00;0,00;65,02
3103207;Araçaí;0,00;0,00;45,85
3103306;Aracitaba;0,00;94,97;48,80
3103405;Araçuaí;0,00;5,72;5,83
3103504;Araguari;1,66;18,29;9,34
3103603;Arantina;0,00;0,00;0,00
3103702;Araponga;0,00;0,00;0,00
3103751;Araporã;0,00;23,55;0,00
3103801;Arapuá;0,00;77,04;0,00
3103900;Araújos;0,00;0,00;10,87
3104007;Araxá;1,76;22,86;13,43
3104106;Arceburgo;0,00;0,00;32,69
3104205;Arcos;0,00;19,18;21,73
3104304;Areado;0,00;0,00;14,41
3104403;Argirita;0,00;0,00;74,40
3104452;Aricanduva;0,00;43,16;0,00
3104502;Arinos;11,76;23,53;5,79
3104601;Astolfo Dutra;14,21;56,84;14,15
3104700;Ataléia;14,87;29,74;14,56
3104809;Augusto de Lima;0,00;0,00;0,00
3104908;Baependi;0,00;10,89;5,44
3105004;Baldim;0,00;0,00;13,35
3105103;Bambuí;0,00;16,70;21,24
3105202;Bandeira;43,99;43,99;0,00
3105301;Bandeira do Sul;0,00;33,33;50,48
3105400;Barão de Cocais;0,00;19,08;9,75
3105509;Barão do Monte Alto;0,00;120,82;40,29
3105608;Barbacena;3,04;15,20;15,96
3105707;Barra Longa;0,00;34,83;17,65
3105905;Barroso;0,00;19,36;19,92
3106002;Bela Vista de Minas;0,00;0,00;19,67
3106101;Belmiro Braga;62,00;0,00;0,00
3106200;Belo Horizonte;5,57;25,17;16,11
3106309;Belo Oriente;0,00;8,31;0,00
3106408;Belo Vale;0,00;0,00;0,00
3106507;Berilo;0,00;0,00;10,18
3106655;Berizal;0,00;0,00;23,80
3106606;Bertópolis;0,00;0,00;0,00
3106705;Betim;1,41;14,61;7,28
3106804;Bias Fortes;0,00;0,00;29,75
3106903;Bicas;13,70;0,00;28,62
3107000;Biquinhas;0,00;0,00;0,00
3107109;Boa Esperança;14,88;19,85;7,53
3107208;Bocaina de Minas;0,00;0,00;0,00
3107307;Bocaiúva;4,11;8,22;10,41
3107406;Bom Despacho;0,00;11,35;19,33
3107505;Bom Jardim de Minas;0,00;0,00;0,00
3107604;Bom Jesus da Penha;0,00;45,00;0,00
3107703;Bom Jesus do Amparo;35,22;0,00;17,76
3107802;Bom Jesus do Galho;14,00;28,00;13,76
3107901;Bom Repouso;0,00;0,00;0,00
3108008;Bom Sucesso;0,00;22,96;23,32
3108107;Bonfim;0,00;54,57;26,90
3108206;Bonfinópolis de Minas;0,00;0,00;0,00
3108255;Bonito de Minas;0,00;0,00;9,80
3108305;Borda da Mata;11,61;46,44;17,24
3108404;Botelhos;0,00;0,00;13,49
3108503;Botumirim;36,05;0,00;0,00
3108552;Brasilândia de Minas;13,58;0,00;26,63
3108602;Brasília de Minas;6,20;12,40;3,12
3108701;Brás Pires;0,00;0,00;0,00
3108800;Braúnas;0,00;0,00;22,52
3108909;Brazópolis;0,00;14,08;21,06
3109006;Brumadinho;5,14;10,29;15,42
3109105;Bueno Brandão;0,00;18,81;9,17
3109204;Buenópolis;0,00;21,66;0,00
3109253;Bugre;0,00;0,00;24,75
3109303;Buritis;8,38;0,00;20,80
3109402;Buritizeiro;0,00;16,59;16,73
3109451;Cabeceira Grande;0,00;0,00;0,00
3109501;Cabo Verde;0,00;36,17;0,00
3109600;Cachoeira da Prata;0,00;51,55;27,08
3109709;Cachoeira de Minas;0,00;0,00;0,00
3102704;Cachoeira de Pajeú;0,00;0,00;0,00
3109808;Cachoeira Dourada;0,00;0,00;43,20
3109907;Caetanópolis;0,00;34,49;0,00
3110004;Caeté;5,00;5,00;5,16
3110103;Caiana;0,00;0,00;0,00
3110202;Cajuri;0,00;50,08;0,00
3110301;Caldas;0,00;28,58;14,07
3110400;Camacho;0,00;0,00;0,00
3110509;Camanducaia;0,00;15,48;3,83
3110608;Cambuí;0,00;6,69;23,70
3110707;Cambuquira;0,00;15,92;8,12
3110806;Campanário;0,00;0,00;34,21
3110905;Campanha;0,00;12,47;18,83
3111002;Campestre;9,94;0,00;14,50
3111101;Campina Verde;0,00;22,42;16,66
3111150;Campo Azul;0,00;0,00;26,93
3111200;Campo Belo;7,43;18,57;13,39
3111309;Campo do Meio;0,00;35,45;17,58
3111408;Campo Florido;0,00;0,00;0,00
3111507;Campos Altos;15,37;0,00;23,11
3111606;Campos Gerais;0,00;7,73;11,49
3111705;Canaã;0,00;0,00;0,00
3111804;Canápolis;0,00;18,98;28,28
3111903;Cana Verde;0,00;38,42;0,00
3112000;Candeias;0,00;0,00;7,14
3112059;Cantagalo;0,00;0,00;0,00
3112109;Caparaó;0,00;40,63;0,00
3112208;Capela Nova;0,00;0,00;0,00
3112307;Capelinha;14,96;4,99;7,57
3112406;Capetinga;0,00;31,35;30,48
3112505;Capim Branco;0,00;55,08;18,76
3112604;Capinópolis;0,00;40,43;34,12
3112653;Capitão Andrade;0,00;0,00;0,00
3112703;Capitão Enéas;0,00;14,20;0,00
3112802;Capitólio;0,00;38,72;9,63
3112901;Caputira;0,00;0,00;0,00
3113008;Caraí;10,24;0,00;0,00
3113107;Caranaíba;0,00;0,00;0,00
3113206;Carandaí;8,29;24,86;8,40
3113305;Carangola;0,00;37,02;16,01
3113404;Caratinga;8,91;15,59;9,16
3113503;Carbonita;0,00;0,00;11,75
3113602;Careaçu;29,71;0,00;0,00
3113701;Carlos Chagas;0,00;0,00;32,23
3113800;Carmésia;0,00;0,00;38,39
3113909;Carmo da Cachoeira;0,00;17,44;8,66
3114006;Carmo da Mata;18,02;0,00;27,23
3114105;Carmo de Minas;0,00;0,00;14,50
3114204;Carmo do Cajuru;8,47;33,89;4,26
3114303;Carmo do Paranaíba;0,00;13,85;17,23
3114402;Carmo do Rio Claro;0,00;9,64;14,32
3114501;Carmópolis de Minas;0,00;11,24;5,59
3114550;Carneirinho;0,00;21,51;42,45
3114600;Carrancas;0,00;0,00;24,70
3114709;Carvalhópolis;0,00;61,54;0,00
3114808;Carvalhos;0,00;45,98;45,23
3114907;Casa Grande;0,00;0,00;0,00
3115003;Cascalho Rico;0,00;0,00;0,00
3115102;Cássia;0,00;46,69;40,80
3115300;Cataguases;2,91;17,48;18,11
3115359;Catas Altas;0,00;0,00;0,00
3115409;Catas Altas da Noruega;0,00;0,00;0,00
3115458;Catuji;0,00;28,12;28,45
3115474;Catuti;0,00;0,00;21,10
3115508;Caxambu;9,08;9,08;28,50
3115607;Cedro do Abaeté;0,00;0,00;0,00
3115706;Central de Minas;31,83;31,83;0,00
3115805;Centralina;0,00;0,00;39,19
3115904;Chácara;0,00;0,00;32,52
3116001;Chalé;33,00;0,00;16,46
3116100;Chapada do Norte;0,00;0,00;0,00
3116159;Chapada Gaúcha;0,00;16,67;8,09
3116209;Chiador;0,00;0,00;35,71
3116308;Cipotânea;35,54;35,54;17,92
3116407;Claraval;0,00;0,00;21,47
3116506;Claro dos Poções;0,00;28,11;27,91
3116605;Cláudio;0,00;33,13;19,89
3116704;Coimbra;0,00;0,00;28,10
3116803;Coluna;0,00;0,00;0,00
3116902;Comendador Gomes;0,00;0,00;72,12
3117009;Comercinho;0,00;0,00;0,00
3117108;Conceição da Aparecida;0,00;0,00;19,28
3115201;Conceição da Barra de Minas;0,00;58,21;0,00
3117306;Conceição das Alagoas;0,00;14,42;14,09
3117207;Conceição das Pedras;0,00;77,40;0,00
3117405;Conceição de Ipanema;0,00;45,52;22,68
3117504;Conceição do Mato Dentro;8,70;8,70;4,32
3117603;Conceição do Pará;0,00;37,76;0,00
3117702;Conceição do Rio Verde;0,00;0,00;7,97
3117801;Conceição dos Ouros;0,00;18,76;27,57
3117836;Cônego Marinho;0,00;0,00;13,82
3117876;Confins;26,87;0,00;0,00
3117900;Congonhal;0,00;18,15;18,05
3118007;Congonhas;7,43;14,85;7,56
3118106;Congonhas do Norte;0,00;0,00;0,00
3118205;Conquista;0,00;0,00;0,00
3118304;Conselheiro Lafaiete;4,39;23,42;10,64
3118403;Conselheiro Pena;0,00;0,00;33,62
3118502;Consolação;0,00;0,00;0,00
3118601;Contagem;4,63;21,29;12,70
3118700;Coqueiral;0,00;22,29;0,00
3118809;Coração de Jesus;15,82;7,91;7,88
3118908;Cordisburgo;0,00;0,00;13,25
3119005;Cordislândia;0,00;0,00;62,50
3119104;Corinto;0,00;16,69;25,50
3119203;Coroaci;0,00;18,77;9,19
3119302;Coromandel;0,00;0,00;20,77
3119401;Coronel Fabriciano;9,12;16,42;7,64
3119500;Coronel Murta;0,00;0,00;0,00
3119609;Coronel Pacheco;0,00;0,00;0,00
3119708;Coronel Xavier Chaves;0,00;0,00;0,00
3119807;Córrego Danta;0,00;71,23;0,00
3119906;Córrego do Bom Jesus;0,00;47,98;0,00
3119955;Córrego Fundo;0,00;0,00;0,00
3120003;Córrego Novo;0,00;0,00;34,78
3120102;Couto de Magalhães de Minas;0,00;45,96;0,00
3120151;Crisólita;0,00;0,00;0,00
3120201;Cristais;0,00;16,49;32,79
3120300;Cristália;0,00;0,00;19,53
3120409;Cristiano Otoni;0,00;84,53;21,43
3120508;Cristina;0,00;0,00;19,28
3120607;Crucilândia;0,00;0,00;0,00
3120706;Cruzeiro da Fortaleza;0,00;0,00;85,20
3120805;Cruzília;0,00;12,85;26,04
3120839;Cuparaque;0,00;0,00;0,00
3120870;Curral de Dentro;0,00;0,00;0,00
3120904;Curvelo;4,78;9,56;11,20
3121001;Datas;35,93;71,86;18,30
3121100;Delfim Moreira;0,00;25,95;37,73
3121209;Delfinópolis;0,00;0,00;23,82
3121258;Delta;0,00;0,00;19,06
3121308;Descoberto;0,00;0,00;20,29
3121407;Desterro de Entre Rios;0,00;26,62;26,13
3121506;Desterro do Melo;0,00;0,00;0,00
3121605;Diamantina;4,08;16,32;10,48
3121704;Diogo de Vasconcelos;0,00;0,00;56,35
3121803;Dionísio;0,00;56,82;14,60
3121902;Divinésia;47,21;0,00;0,00
3122009;Divino;0,00;9,77;4,83
3122108;Divino das Laranjeiras;46,53;0,00;0,00
3122207;Divinolândia de Minas;0,00;29,73;0,00
3122306;Divinópolis;5,01;28,41;12,12
3122355;Divisa Alegre;0,00;0,00;0,00
3122405;Divisa Nova;0,00;0,00;0,00
3122454;Divisópolis;0,00;20,13;19,58
3122470;Dom Bosco;0,00;0,00;0,00
3122504;Dom Cavati;0,00;39,35;20,39
3122603;Dom Joaquim;82,03;0,00;0,00
3122702;Dom Silvério;0,00;0,00;19,13
3122801;Dom Viçoso;0,00;0,00;0,00
3122900;Dona Euzébia;0,00;33,01;0,00
3123007;Dores de Campos;0,00;0,00;9,99
3123106;Dores de Guanhães;0,00;0,00;0,00
3123205;Dores do Indaiá;0,00;30,52;39,59
3123304;Dores do Turvo;0,00;0,00;20,05
3123403;Doresópolis;0,00;0,00;0,00
3123502;Douradoquara;0,00;0,00;0,00
3123528;Durandé;0,00;0,00;51,17
3123601;Elói Mendes;7,43;14,87;26,58
3123700;Engenheiro Caldas;0,00;0,00;0,00
3123809;Engenheiro Navarro;0,00;0,00;0,00
3123858;Entre Folhas;39,32;0,00;38,62
3123908;Entre Rios de Minas;0,00;0,00;6,78
3124005;Ervália;0,00;9,88;19,75
3124104;Esmeraldas;2,32;16,21;4,67
3124203;Espera Feliz;0,00;16,43;24,89
3124302;Espinosa;6,47;19,42;9,85
3124401;Espírito Santo do Dourado;0,00;0,00;30,25
3124500;Estiva;17,89;17,89;8,69
3124609;Estrela D' Alva;0,00;0,00;0,00
3124708;Estrela do Indaiá;0,00;0,00;0,00
3124807;Estrela do Sul;0,00;0,00;14,62
3124906;Eugenópolis;0,00;37,62;18,52
3125002;Ewbank da Câmara;0,00;0,00;0,00
3125101;Extrema;7,51;3,76;18,70
3125200;Fama;78,00;0,00;0,00
3125309;Faria Lemos;62,27;0,00;62,74
3125408;Felício dos Santos;0,00;0,00;0,00
3125606;Felisburgo;0,00;0,00;0,00
3125705;Felixlândia;0,00;0,00;28,62
3125804;Fernandes Tourinho;0,00;70,52;0,00
3125903;Ferros;0,00;20,82;20,86
3125952;Fervedouro;0,00;19,70;19,15
3126000;Florestal;24,46;0,00;12,43
3126109;Formiga;0,00;25,97;19,05
3126208;Formoso;0,00;0,00;12,58
3126307;Fortaleza de Minas;0,00;0,00;28,76
3126406;Fortuna de Minas;0,00;0,00;32,33
3126505;Francisco Badaró;27,89;27,89;13,58
3126604;Francisco Dumont;0,00;0,00;0,00
3126752;Franciscópolis;0,00;40,47;0,00
3126703;Francisco Sá;8,76;8,76;12,78
3126802;Frei Gaspar;0,00;0,00;17,73
3126901;Frei Inocêncio;0,00;71,14;12,16
3126950;Frei Lagonegro;0,00;0,00;0,00
3127008;Fronteira;0,00;13,83;6,88
3127057;Fronteira dos Vales;0,00;0,00;0,00
3127073;Fruta de Leite;0,00;0,00;0,00
3127107;Frutal;3,40;10,19;15,36
3127206;Funilândia;0,00;0,00;21,34
3127305;Galiléia;0,00;31,73;32,14
3127339;Gameleiras;0,00;0,00;20,86
3127354;Glaucilândia;0,00;0,00;0,00
3127370;Goiabeira;67,61;67,61;0,00
3127388;Goianá;0,00;0,00;24,67
3127404;Gonçalves;43,52;43,52;21,11
3127503;Gonzaga;0,00;0,00;19,12
3127602;Gouveia;0,00;0,00;0,00
3127701;Governador Valadares;4,43;28,06;19,83
3127800;Grão Mogol;0,00;0,00;0,00
3127909;Grupiara;145,77;0,00;0,00
3128006;Guanhães;12,03;24,05;6,20
3128105;Guapé;0,00;15,04;7,26
3128204;Guaraciaba;0,00;20,64;10,25
3128253;Guaraciama;0,00;0,00;19,80
3128303;Guaranésia;10,52;21,05;10,44
3128402;Guarani;0,00;0,00;12,96
3128501;Guarará;0,00;62,46;0,00
3128600;Guarda-Mor;0,00;0,00;0,00
3128709;Guaxupé;7,67;7,67;21,61
3128808;Guidoval;0,00;0,00;14,02
3128907;Guimarânia;0,00;48,44;0,00
3129004;Guiricema;0,00;0,00;51,43
3129103;Gurinhatã;0,00;0,00;19,26
3129202;Heliodora;0,00;33,61;0,00
3129301;Iapu;0,00;16,72;8,31
3129400;Ibertioga;0,00;0,00;19,24
3129509;Ibiá;18,06;27,09;22,49
3129608;Ibiaí;0,00;64,52;15,91
3129657;Ibiracatu;0,00;0,00;0,00
3129707;Ibiraci;18,50;0,00;9,13
3129806;Ibirité;7,96;13,65;9,98
3129905;Ibitiúra de Minas;0,00;0,00;29,72
3130002;Ibituruna;0,00;0,00;0,00
3130051;Icaraí de Minas;0,00;0,00;0,00
3130101;Igarapé;0,00;8,65;6,54
3130200;Igaratinga;18,86;37,71;18,47
3130309;Iguatama;57,60;28,80;29,30
3130408;Ijaci;0,00;57,69;14,28
3130507;Ilicínea;32,01;16,01;7,85
3130556;Imbé de Minas;0,00;0,00;0,00
3130606;Inconfidentes;0,00;0,00;27,39
3130655;Indaiabira;0,00;0,00;0,00
3130705;Indianópolis;0,00;33,74;16,20
3130804;Ingaí;0,00;0,00;38,76
3130903;Inhapim;0,00;0,00;17,63
3131000;Inhaúma;0,00;0,00;16,03
3131109;Inimutaba;0,00;80,73;27,13
3131158;Ipaba;0,00;49,62;23,34
3131208;Ipanema;9,99;19,98;10,24
3131307;Ipatinga;2,52;17,61;11,42
3131406;Ipiaçu;0,00;0,00;26,49
3131505;Ipuiúna;0,00;0,00;0,00
3131604;Iraí de Minas;28,18;28,18;13,93
3131703;Itabira;6,73;23,54;15,00
3131802;Itabirinha;0,00;18,83;0,00
3131901;Itabirito;0,00;3,66;13,14
3132008;Itacambira;0,00;0,00;0,00
3132107;Itacarambi;11,64;0,00;11,62
3132206;Itaguara;0,00;28,95;14,44
3132305;Itaipé;18,67;0,00;0,00
3132404;Itajubá;0,00;6,31;9,67
3132503;Itamarandiba;0,00;6,09;18,21
3132602;Itamarati de Minas;0,00;0,00;54,20
3132701;Itambacuri;9,14;9,14;14,26
3132800;Itambé do Mato Dentro;0,00;0,00;0,00
3132909;Itamogi;18,64;18,64;9,29
3133006;Itamonte;0,00;26,88;13,53
3133105;Itanhandu;0,00;38,64;6,56
3133204;Itanhomi;17,35;0,00;35,95
3133303;Itaobim;0,00;10,36;15,66
3133402;Itapagipe;0,00;0,00;14,61
3133501;Itapecerica;9,36;0,00;42,89
3133600;Itapeva;0,00;32,01;15,76
3133709;Itatiaiuçu;0,00;15,58;7,71
3133758;Itaú de Minas;0,00;0,00;34,71
3133808;Itaúna;4,03;26,21;16,38
3133907;Itaverava;0,00;36,40;0,00
3134004;Itinga;0,00;0,00;7,28
3134103;Itueta;0,00;0,00;0,00
3134202;Ituiutaba;7,53;18,82;16,63
3134301;Itumirim;0,00;0,00;15,07
3134400;Iturama;5,17;20,67;7,83
3134509;Itutinga;0,00;47,89;0,00
3134608;Jaboticatubas;19,87;39,73;4,90
3134707;Jacinto;0,00;0,00;0,00
3134806;Jacuí;0,00;27,09;0,00
3134905;Jacutinga;0,00;7,75;15,67
3135001;Jaguaraçu;0,00;0,00;0,00
3135050;Jaíba;0,00;10,78;15,93
3135076;Jampruca;0,00;94,92;0,00
3135100;Janaúba;5,49;10,98;7,07
3135209;Januária;3,03;12,12;9,21
3135308;Japaraíba;0,00;0,00;0,00
3135357;Japonvar;25,08;25,08;0,00
3135407;Jeceaba;0,00;0,00;16,14
3135456;Jenipapo de Minas;0,00;0,00;0,00
3135506;Jequeri;0,00;16,08;8,05
3135605;Jequitaí;30,67;0,00;15,42
3135704;Jequitibá;0,00;0,00;50,99
3135803;Jequitinhonha;8,46;8,46;8,33
3135902;Jesuânia;0,00;40,05;19,46
3136009;Joaíma;0,00;0,00;7,20
3136108;Joanésia;0,00;92,46;23,10
3136207;João Monlevade;2,39;19,08;12,47
3136306;João Pinheiro;0,00;8,66;14,96
3136405;Joaquim Felício;0,00;0,00;0,00
3136504;Jordânia;19,73;0,00;0,00
3136520;José Gonçalves de Minas;0,00;0,00;0,00
3136579;Josenópolis;0,00;0,00;0,00
3136553;José Raydan;0,00;0,00;0,00
3136652;Juatuba;6,52;32,60;3,26
3136702;Juiz de Fora;1,40;21,28;16,83
3136801;Juramento;0,00;0,00;0,00
3136900;Juruaia;0,00;0,00;18,04
3136959;Juvenília;0,00;0,00;17,27
3137007;Ladainha;0,00;0,00;0,00
3137106;Lagamar;0,00;0,00;75,40
3137205;Lagoa da Prata;3,81;19,04;15,56
3137304;Lagoa dos Patos;0,00;0,00;30,18
3137403;Lagoa Dourada;0,00;0,00;23,49
3137502;Lagoa Formosa;0,00;10,56;42,32
3137536;Lagoa Grande;0,00;0,00;11,15
3137601;Lagoa Santa;7,70;12,84;11,98
3137700;Lajinha;9,65;0,00;9,60
3137809;Lambari;0,00;0,00;14,70
3137908;Lamim;0,00;62,62;0,00
3138005;Laranjal;33,09;33,09;33,54
3138104;Lassance;0,00;56,72;14,04
3138203;Lavras;5,50;14,67;13,36
3138302;Leandro ferreira;0,00;0,00;31,26
3138351;Leme do Prado;0,00;0,00;0,00
3138401;Leopoldina;3,75;18,73;13,69
3138500;Liberdade;0,00;0,00;0,00
3138609;Lima Duarte;0,00;23,04;11,61
3138625;Limeira do Oeste;0,00;23,46;11,51
3138658;Lontra;0,00;0,00;22,75
3138674;Luisburgo;0,00;0,00;43,13
3138682;Luislândia;0,00;0,00;0,00
3138708;Luminárias;0,00;0,00;35,80
3138807;Luz;0,00;22,10;11,19
3139003;Machado;0,00;15,67;7,96
3139102;Madre de Deus de Minas;0,00;0,00;0,00
3139201;Malacacheta;0,00;11,23;45,67
3139250;Mamonas;0,00;0,00;33,35
3139300;Manga;10,57;10,57;5,29
3139409;Manhuaçu;8,55;8,55;5,44
3139508;Manhumirim;19,16;9,58;14,56
3139607;Mantena;0,00;36,43;3,77
3139706;Maravilhas;0,00;0,00;40,91
3139805;Mar de Espanha;15,08;0,00;23,58
3139904;Maria da Fé;0,00;14,18;21,06
3140001;Mariana;9,51;9,51;14,66
3140100;Marilac;0,00;46,15;0,00
3140159;Mário Campos;0,00;0,00;12,61
3140209;Maripá de Minas;0,00;0,00;0,00
3140308;Marliéria;0,00;43,63;0,00
3140407;Marmelópolis;0,00;63,41;0,00
3140506;Martinho Campos;0,00;43,00;28,57
3140530;Martins Soares;0,00;0,00;0,00
3140555;Mata Verde;21,87;43,74;10,97
3140605;Materlândia;0,00;0,00;25,23
3140704;Mateus Leme;5,22;10,43;7,93
3171501;Mathias Lobato;0,00;0,00;0,00
3140803;Matias Barbosa;0,00;0,00;21,24
3140852;Matias Cardoso;0,00;0,00;11,24
3140902;Matipó;0,00;0,00;16,17
3141009;Mato Verde;0,00;16,08;16,61
3141108;Matozinhos;0,00;5,14;21,27
3141207;Matutina;0,00;51,89;26,22
3138906;Maxacalis;0,00;0,00;15,42
3141306;Medeiros;0,00;53,68;76,92
3141405;Medina;0,00;0,00;4,96
3141504;Mendes Pimentel;0,00;0,00;35,68
3141603;Mercês;0,00;0,00;28,92
3141702;Mesquita;0,00;39,76;0,00
3141801;Minas Novas;0,00;0,00;4,10
3141900;Minduri;0,00;0,00;0,00
3142007;Mirabela;0,00;0,00;14,65
3142106;Miradouro;0,00;22,16;44,60
3142205;Miraí;0,00;0,00;22,01
3142254;Miravânia;0,00;50,38;0,00
3142304;Moeda;0,00;38,91;0,00
3142403;Moema;25,96;0,00;0,00
3142502;Monjolos;0,00;0,00;0,00
3142601;Monsenhor Paulo;0,00;0,00;11,99
3142700;Montalvânia;0,00;0,00;21,34
3142809;Monte Alegre de Minas;0,00;0,00;24,79
3142908;Monte Azul;0,00;0,00;0,00
3143005;Monte Belo;0,00;46,79;23,00
3143104;Monte Carmelo;8,38;20,94;16,78
3143153;Monte Formoso;0,00;0,00;22,83
3143203;Monte Santo de Minas;9,55;9,55;19,15
3143302;Montes Claros;4,18;16,24;8,69
3143401;Monte Sião;0,00;8,21;20,76
3143450;Montezuma;0,00;0,00;14,52
3143500;Morada Nova de Minas;22,63;45,27;11,03
3143609;Morro da Garça;0,00;0,00;41,48
3143708;Morro do Pilar;0,00;62,81;0,00
3143807;Munhoz;0,00;0,00;0,00
3143906;Muriaé;12,91;29,50;19,21
3144003;Mutum;0,00;14,64;10,86
3144102;Muzambinho;0,00;18,21;13,70
3144201;Nacip Raydan;0,00;0,00;0,00
3144300;Nanuque;16,40;0,00;5,71
3144359;Naque;0,00;0,00;15,87
3144375;Natalândia;0,00;58,04;0,00
3144409;Natércia;0,00;0,00;21,32
3144508;Nazareno;0,00;0,00;0,00
3144607;Nepomuceno;0,00;7,89;15,99
3144656;Ninheira;0,00;0,00;9,44
3144672;Nova Belém;0,00;0,00;31,74
3144706;Nova Era;11,03;11,03;11,47
3144805;Nova Lima;3,48;22,62;7,16
3144904;Nova Módica;0,00;0,00;27,30
3145000;Nova Ponte;0,00;13,87;13,70
3145059;Nova Porteirinha;0,00;0,00;14,91
3145109;Nova Resende;0,00;12,64;18,31
3145208;Nova Serrana;3,78;7,56;3,79
3136603;Nova União;33,93;0,00;50,77
3145307;Novo Cruzeiro;22,03;0,00;0,00
3145356;Novo Oriente de Minas;0,00;0,00;9,73
3145372;Novorizonte;0,00;0,00;0,00
3145406;Olaria;0,00;213,22;51,41
3145455;Olhos D' Água;0,00;0,00;0,00
3145505;Olímpio Noronha;0,00;77,76;39,14
3145604;Oliveira;0,00;34,62;20,38
3145703;Oliveira Fortes;0,00;0,00;0,00
3145802;Onça do Pitangui;0,00;67,98;0,00
3145851;Oratórios;40,90;81,80;20,34
3145877;Orizânia;0,00;0,00;0,00
3145901;Ouro Branco;0,00;15,21;2,58
3146008;Ouro Fino;0,00;12,35;15,58
3146107;Ouro Preto;7,83;20,87;14,70
3146206;Ouro Verde de Minas;0,00;34,64;0,00
3146255;Padre Carvalho;0,00;0,00;0,00
3146305;Padre Paraíso;11,43;0,00;11,54
3146404;Paineiras;0,00;47,13;0,00
3146503;Pains;0,00;0,00;0,00
3146552;Pai Pedro;0,00;36,50;0,00
3146602;Paiva;0,00;0,00;0,00
3146701;Palma;0,00;0,00;52,57
3146750;Palmópolis;0,00;0,00;0,00
3146909;Papagaios;0,00;0,00;7,18
3147006;Paracatu;6,32;14,74;8,51
3147105;Pará de Minas;4,04;16,15;11,32
3147204;Paraguaçu;9,19;18,38;18,41
3147303;Paraisópolis;0,00;19,41;4,89
3147402;Paraopeba;8,10;16,20;8,30
3147501;Passabém;0,00;0,00;0,00
3147600;Passa Quatro;0,00;12,62;12,89
3147709;Passa Tempo;0,00;23,54;35,41
3147808;Passa Vinte;0,00;0,00;0,00
3147907;Passos;0,00;17,40;21,44
3147956;Patis;0,00;0,00;0,00
3148004;Patos de Minas;3,67;30,55;16,33
3148103;Patrocínio;2,24;13,42;14,47
3148202;Patrocínio do Muriaé;0,00;0,00;53,80
3148301;Paula Cândido;23,64;0,00;23,10
3148400;Paulistas;0,00;0,00;0,00
3148509;Pavão;0,00;24,81;12,43
3148608;Peçanha;11,43;11,43;0,00
3148707;Pedra Azul;8,05;0,00;0,00
3148756;Pedra Bonita;0,00;0,00;13,66
3148806;Pedra do Anta;0,00;0,00;0,00
3148905;Pedra do Indaiá;0,00;0,00;24,32
3149002;Pedra Dourada;0,00;0,00;0,00
3149101;Pedralva;0,00;0,00;0,00
3149150;Pedras de Maria da Cruz;19,73;0,00;9,57
3149200;Pedrinópolis;0,00;62,77;0,00
3149309;Pedro Leopoldo;9,19;18,38;7,99
3149408;Pedro Teixeira;0,00;0,00;55,25
3149507;Pequeri;0,00;57,14;59,68
3149606;Pequi;0,00;48,57;48,13
3149705;Perdigão;0,00;16,39;16,30
3149804;Perdizes;12,04;0,00;11,66
3149903;Perdões;0,00;18,44;9,35
3149952;Periquito;0,00;29,92;0,00
3150000;Pescador;0,00;55,40;28,01
3150109;Piau;0,00;0,00;35,77
3150158;Piedade de Caratinga;0,00;0,00;11,72
3150208;Piedade de Ponte Nova;0,00;50,08;25,15
3150307;Piedade do Rio Grande;0,00;0,00;65,16
3150406;Piedade dos Gerais;0,00;0,00;0,00
3150505;Pimenta;23,60;70,79;23,36
3150539;Pingo D' Água;0,00;0,00;42,50
3150570;Pintópolis;28,76;28,76;14,12
3150604;Piracema;0,00;0,00;14,93
3150703;Pirajuba;0,00;37,12;18,06
3150802;Piranga;11,91;0,00;5,88
3150901;Piranguçu;0,00;0,00;0,00
3151008;Piranguinho;0,00;22,36;0,00
3151107;Pirapetinga;0,00;70,08;54,17
3151206;Pirapora;10,53;0,00;16,19
3151305;Piraúba;0,00;0,00;0,00
3151404;Pitangui;0,00;36,59;3,75
3151503;Piumhi;5,47;10,93;13,87
3151602;Planura;0,00;36,39;17,95
3151701;Poço Fundo;12,31;24,61;36,61
3151800;Poços de Caldas;3,51;16,37;23,21
3151909;Pocrane;0,00;0,00;0,00
3152006;Pompéu;0,00;31,83;19,33
3152105;Ponte Nova;6,61;9,92;24,23
3152131;Ponto Chique;0,00;0,00;0,00
3152170;Ponto dos Volantes;18,78;0,00;9,19
3152204;Porteirinha;5,27;5,27;5,34
3152303;Porto Firme;0,00;0,00;18,92
3152402;Poté;0,00;14,21;14,63
3152501;Pouso Alegre;2,58;12,92;14,45
3152600;Pouso Alto;0,00;0,00;15,23
3152709;Prados;0,00;0,00;0,00
3152808;Prata;0,00;7,13;21,17
3152907;Pratápolis;0,00;23,79;35,69
3153004;Pratinha;59,00;0,00;0,00
3153103;Presidente Bernardes;0,00;0,00;20,62
3153202;Presidente Juscelino;58,58;0,00;28,86
3153301;Presidente Kubitschek;0,00;0,00;0,00
3153400;Presidente Olegário;10,97;10,97;5,33
3153608;Prudente de Morais;0,00;17,04;26,16
3153707;Quartel Geral;0,00;0,00;0,00
3153806;Queluzito;0,00;0,00;0,00
3153905;Raposos;11,86;23,73;24,57
3154002;Raul Soares;0,00;0,00;34,15
3154101;Recreio;35,51;35,51;27,26
3154150;Reduto;25,79;25,79;25,48
3154200;Resende Costa;0,00;0,00;0,00
3154309;Resplendor;0,00;22,75;5,81
3154408;Ressaquinha;0,00;0,00;21,99
3154457;Riachinho;0,00;0,00;0,00
3154507;Riacho dos Machados;0,00;0,00;0,00
3154606;Ribeirão das Neves;3,61;12,63;7,58
3154705;Ribeirão Vermelho;0,00;48,03;0,00
3154804;Rio Acima;18,99;0,00;9,75
3154903;Rio Casca;0,00;15,09;15,64
3155009;Rio Doce;0,00;0,00;40,26
3155108;Rio do Prado;0,00;0,00;0,00
3155207;Rio Espera;37,76;0,00;0,00
3155306;Rio Manso;0,00;0,00;0,00
3155405;Rio Novo;23,09;23,09;35,22
3155504;Rio Paranaíba;13,88;0,00;13,76
3155603;Rio Pardo de Minas;7,18;14,37;7,07
3155702;Rio Piracicaba;0,00;0,00;6,83
3155801;Rio Pomba;0,00;11,22;5,73
3155900;Rio Preto;0,00;0,00;19,45
3156007;Rio Vermelho;0,00;0,00;0,00
3156106;Ritápolis;0,00;0,00;0,00
3156205;Rochedo de Minas;0,00;0,00;0,00
3156304;Rodeiro;0,00;0,00;23,08
3156403;Romaria;0,00;0,00;29,53
3156452;Rosário da Limeira;0,00;0,00;0,00
3156502;Rubelita;0,00;0,00;17,61
3156601;Rubim;0,00;0,00;9,71
3156700;Sabará;0,00;17,73;8,50
3156809;Sabinópolis;0,00;13,82;7,02
3156908;Sacramento;0,00;45,18;26,25
3157005;Salinas;9,75;9,75;14,93
3157104;Salto da Divisa;0,00;0,00;32,73
3157203;Santa Bárbara;0,00;6,39;0,00
3157252;Santa Bárbara do Leste;0,00;24,10;0,00
3157278;Santa Bárbara do Monte Verde;0,00;0,00;0,00
3157302;Santa Bárbara do Tugúrio;0,00;95,69;0,00
3157336;Santa Cruz de Minas;0,00;23,96;0,00
3157377;Santa Cruz de Salinas;0,00;0,00;0,00
3157401;Santa Cruz do Escalvado;0,00;43,08;0,00
3157500;Santa Efigênia de Minas;0,00;0,00;24,76
3157609;Santa Fé de Minas;0,00;0,00;0,00
3157658;Santa Helena de Minas;0,00;0,00;16,84
3157708;Santa Juliana;0,00;0,00;12,71
3157807;Santa Luzia;8,73;21,83;8,23
3157906;Santa Margarida;0,00;37,24;6,10
3158003;Santa Maria de Itabira;0,00;37,58;0,00
3158102;Santa Maria do Salto;0,00;0,00;0,00
3158201;Santa Maria do Suaçuí;0,00;31,19;15,64
3158300;Santana da Vargem;0,00;0,00;15,06
3158409;Santana de Cataguases;0,00;0,00;28,66
3158508;Santana de Pirapama;0,00;0,00;14,22
3158607;Santana do Deserto;0,00;53,11;0,00
3158706;Santana do Garambéu;94,34;94,34;0,00
3158805;Santana do Jacaré;0,00;48,01;23,73
3158904;Santana do Manhuaçu;0,00;0,00;0,00
3158953;Santana do paraíso;8,82;8,82;6,70
3159001;Santana do Riacho;0,00;37,85;0,00
3159100;Santana dos Montes;0,00;0,00;28,83
3159209;Santa Rita de Caldas;0,00;48,13;23,64
3159308;Santa Rita de Jacutinga;0,00;42,11;0,00
3159357;Santa Rita de Minas;0,00;88,97;14,76
3159407;Santa Rita do Ibitipoca;0,00;0,00;30,29
3159506;Santa Rita do Itueto;0,00;0,00;34,33
3159605;Santa Rita do Sapucaí;4,88;0,00;19,69
3159704;Santa Rosa da Serra;0,00;0,00;0,00
3159803;Santa Vitória;0,00;19,15;9,54
3159902;Santo Antônio do Amparo;0,00;11,50;40,50
3160009;Santo Antônio do Aventureiro;0,00;0,00;0,00
3160108;Santo Antônio do Grama;47,01;0,00;0,00
3160207;Santo Antônio do Itambé;0,00;0,00;0,00
3160306;Santo Antônio do Jacinto;0,00;19,60;0,00
3160405;Santo Antônio do Monte;0,00;0,00;7,33
3160454;Santo Antônio do Retiro;0,00;0,00;0,00
3160504;Santo Antônio do Rio Abaixo;0,00;0,00;0,00
3160603;Santo Hipólito;0,00;0,00;0,00
3160702;Santos Dumont;4,54;27,24;18,87
3160801;São Bento Abade;0,00;0,00;21,22
3160900;São Brás do Suaçuí;0,00;0,00;0,00
3160959;São Domingos das Dores;35,69;0,00;0,00
3161007;São Domingos do Prata;11,28;0,00;0,00
3161056;São Félix de Minas;0,00;0,00;0,00
3161106;São Francisco;3,82;3,82;7,58
3161205;São Francisco de Paula;0,00;32,44;16,16
3161304;São Francisco de Sales;0,00;35,86;17,45
3161403;São Francisco do Glória;0,00;0,00;0,00
3161502;São Geraldo;0,00;38,51;19,45
3161601;São Geraldo da Piedade;0,00;57,97;0,00
3161650;São Geraldo do Baixio;0,00;0,00;0,00
3161700;São Gonçalo do Abaeté;0,00;0,00;13,56
3161809;São Gonçalo do Pará;0,00;17,06;0,00
3161908;São Gonçalo do Rio Abaixo;0,00;16,50;0,00
3125507;São Gonçalo do Rio Preto;0,00;0,00;0,00
3162005;São Gonçalo do Sapucaí;0,00;8,30;12,52
3162104;São Gotardo;9,83;9,83;4,89
3162203;São João Batista do Glória;0,00;52,53;39,21
3162252;São João da Lagoa;0,00;43,12;0,00
3162302;São João da Mata;0,00;0,00;0,00
3162401;São João da Ponte;17,23;0,00;16,72
3162450;São João das Missões;0,00;0,00;7,68
3162500;São João Del Rei;2,14;23,52;13,30
3162559;São João do Manhuaçu;0,00;0,00;0,00
3162575;São João do Manteninha;0,00;109,49;18,76
3162609;São João do Oriente;0,00;27,84;14,14
3162658;São João do Pacuí;0,00;0,00;25,18
3162708;São João do Paraíso;0,00;0,00;29,28
3162807;São João Evangelista;0,00;25,79;6,53
3162906;São João Nepomuceno;0,00;0,00;7,82
3162922;São Joaquim de Bicas;12,47;12,47;11,65
3162948;São José da Barra;0,00;51,85;12,83
3162955;São José da Lapa;7,51;15,01;7,69
3163003;São José da Safira;0,00;52,88;0,00
3163102;São José da Varginha;0,00;0,00;0,00
3163201;São José do Alegre;0,00;0,00;24,20
3163300;São José do Divino;0,00;0,00;28,87
3163409;São José do Goiabal;0,00;72,78;0,00
3163508;São José do Jacuri;0,00;0,00;16,14
3163607;São José do Mantimento;0,00;72,62;0,00
3163706;São Lourenço;0,00;0,00;22,32
3163805;São Miguel do Anta;0,00;0,00;0,00
3163904;São Pedro da União;0,00;0,00;20,47
3164001;São Pedro dos Ferros;0,00;0,00;0,00
3164100;São Pedro do Suaçuí;0,00;0,00;19,60
3164209;São Romão;19,81;19,81;0,00
3164308;São Roque de Minas;0,00;57,44;14,03
3164407;São Sebastião da Bela Vista;0,00;0,00;46,97
3164431;São Sebastião da Vargem Alegre;0,00;65,96;0,00
3164472;São Sebastião do Anta;0,00;32,07;16,14
3164506;São Sebastião do Maranhão;0,00;20,61;9,92
3164605;São Sebastião do Oeste;0,00;23,40;11,34
3164704;São Sebastião do Paraíso;0,00;21,81;19,50
3164803;São Sebastião do Rio Preto;0,00;151,06;79,43
3164902;São Sebastião do Rio Verde;0,00;0,00;0,00
3165008;São Tiago;18,05;0,00;8,93
3165107;São Tomás de Aquino;0,00;59,54;29,67
3165206;São Tomé das Letras;0,00;0,00;14,48
3165305;São Vicente de Minas;0,00;28,85;0,00
3165404;Sapucaí Mirim;0,00;0,00;0,00
3165503;Sardoá;0,00;0,00;0,00
3165537;Sarzedo;5,36;10,73;5,43
3165560;Sem-Peixe;0,00;0,00;0,00
3165578;Senador Amaral;0,00;0,00;16,11
3165602;Senador Cortês;0,00;89,77;0,00
3165701;Senador Firmino;0,00;26,06;12,96
3165800;Senador José Bento;0,00;0,00;0,00
3165909;Senador Modestino Gonçalves;0,00;0,00;0,00
3166006;Senhora de Oliveira;0,00;35,79;18,24
3166105;Senhora do Porto;0,00;0,00;0,00
3166204;Senhora dos Remédios;0,00;38,81;0,00
3166303;Sericita;0,00;0,00;13,61
3166402;Seritinga;0,00;109,05;0,00
3166501;Serra Azul de Minas;0,00;0,00;26,37
3166600;Serra da Saudade;0,00;0,00;0,00
3166709;Serra dos Aimorés;0,00;28,15;0,00
3166808;Serra do Salitre;0,00;0,00;16,95
3166907;Serrania;0,00;26,27;0,00
3166956;Serranópolis de Minas;0,00;0,00;0,00
3167004;Serranos;0,00;100,50;0,00
3167103;Serro;0,00;27,35;4,56
3167202;Sete Lagoas;0,84;21,96;13,19
3165552;Setubinha;0,00;20,00;0,00
3167301;Silveirânia;0,00;0,00;43,05
3167400;Silvianópolis;0,00;33,09;0,00
3167509;Simão Pereira;0,00;67,52;0,00
3167608;Simonésia;0,00;0,00;10,13
3167707;Sobrália;0,00;38,85;0,00
3167806;Soledade de Minas;0,00;0,00;17,82
3167905;Tabuleiro;0,00;0,00;0,00
3168002;Taiobeiras;0,00;5,91;15,13
3168051;Taparuba;0,00;0,00;59,05
3168101;Tapira;0,00;0,00;24,28
3168200;Tapiraí;0,00;0,00;0,00
3168309;Taquaraçu de Minas;0,00;99,26;47,35
3168408;Tarumirim;13,43;40,28;20,40
3168507;Teixeiras;0,00;15,95;16,32
3168606;Teófilo Otoni;9,76;15,33;8,73
3168705;Timóteo;9,35;25,72;13,48
3168804;Tiradentes;0,00;25,08;25,83
3168903;Tiros;25,83;0,00;12,69
3169000;Tocantins;0,00;0,00;0,00
3169059;Tocos do Moji;0,00;0,00;0,00
3169109;Toledo;57,26;28,63;13,86
3169208;Tombos;22,91;0,00;34,85
3169307;Três Corações;2,60;18,21;13,25
3169356;Três Marias;0,00;13,52;20,76
3169406;Três Pontas;0,00;7,06;19,91
3169505;Tumiritinga;0,00;0,00;16,99
3169604;Tupaciguara;0,00;15,58;11,78
3169703;Turmalina;10,03;0,00;0,00
3169802;Turvolândia;0,00;0,00;20,26
3169901;Ubá;5,65;9,42;9,67
3170008;Ubaí;0,00;0,00;0,00
3170057;Ubaporanga;0,00;15,45;15,36
3170107;Uberaba;4,56;14,83;18,35
3170206;Uberlândia;4,60;17,33;14,30
3170305;Umburatiba;0,00;0,00;37,26
3170404;Unaí;6,94;18,50;8,08
3170438;União de Minas;0,00;0,00;0,00
3170479;Uruana de Minas;0,00;0,00;0,00
3170503;Urucânia;0,00;0,00;0,00
3170529;Urucuia;11,73;11,73;5,72
3170578;Vargem Alegre;34,06;34,06;69,20
3170602;Vargem Bonita;0,00;0,00;46,34
3170651;Vargem Grande do Rio Pardo;0,00;0,00;21,58
3170701;Varginha;1,42;12,78;12,46
3170750;Varjão de Minas;0,00;0,00;0,00
3170800;Várzea da Palma;0,00;23,62;2,96
3170909;Varzelândia;10,75;0,00;5,31
3171006;Vazante;20,02;10,01;25,03
3171030;Verdelândia;0,00;0,00;13,03
3171071;Veredinha;0,00;0,00;0,00
3171105;Veríssimo;0,00;0,00;87,95
3171154;Vermelho Novo;0,00;0,00;20,41
3171204;Vespasiano;3,00;10,49;11,61
3171303;Viçosa;5,02;10,05;18,32
3171402;Vieiras;0,00;55,34;27,03
3171600;Virgem da Lapa;0,00;0,00;25,42
3171709;Virgínia;0,00;22,55;44,90
3171808;Virginópolis;0,00;19,00;9,70
3171907;Virgolândia;42,68;0,00;0,00
3172004;Visconde do Rio Branco;9,95;19,89;17,88
3172103;Volta Grande;0,00;87,53;90,03
3172202;Wenceslau Braz;0,00;0,00;0,00
